{"loss": [1.489935278892517, 1.0762205123901367, 0.9048879146575928, 0.7881739139556885, 0.699835479259491, 0.6436483860015869, 0.5893145799636841, 0.5506343841552734, 0.5110039710998535, 0.4861314594745636, 0.4527837932109833, 0.4302354156970978, 0.4158302843570709, 0.3947950005531311, 0.37598705291748047, 0.3587750196456909, 0.34184134006500244, 0.330147385597229, 0.3140614628791809, 0.30479803681373596, 0.29078638553619385, 0.27688342332839966, 0.267583966255188, 0.26003220677375793, 0.2469610869884491, 0.23769864439964294, 0.2347557246685028, 0.22564063966274261, 0.21244461834430695, 0.20044991374015808, 0.20232023298740387, 0.1923413723707199, 0.18575479090213776, 0.17825734615325928, 0.1707427054643631, 0.164532870054245, 0.16213415563106537, 0.15398678183555603, 0.14935341477394104, 0.1403833031654358, 0.1420661062002182, 0.131857767701149, 0.1251428723335266, 0.12544068694114685, 0.11807157844305038, 0.11008206009864807, 0.1066996306180954, 0.1054660901427269, 0.10061119496822357, 0.0980728343129158, 0.09306836873292923, 0.09115391969680786, 0.08577008545398712, 0.08295967429876328, 0.08056411147117615, 0.07563706487417221, 0.07270374894142151, 0.07025275379419327, 0.06672312319278717, 0.06565547734498978, 0.06329704821109772, 0.060285065323114395, 0.05906374752521515, 0.057549405843019485, 0.0526888445019722, 0.05352635681629181, 0.052600033581256866, 0.05165262520313263, 0.049782950431108475, 0.04888472706079483], "accuracy": [0.45580342411994934, 0.6169697046279907, 0.6805110573768616, 0.7243471741676331, 0.7583306431770325, 0.7779357433319092, 0.7986022233963013, 0.810897946357727, 0.8243551850318909, 0.833907425403595, 0.8447813391685486, 0.8517502546310425, 0.8582585453987122, 0.8652275204658508, 0.8716757297515869, 0.8773029446601868, 0.8826297521591187, 0.8858538866043091, 0.8917414546012878, 0.895586371421814, 0.8995113968849182, 0.9052587151527405, 0.9082025289535522, 0.9114866852760315, 0.9149311184883118, 0.9173341989517212, 0.9192366003990173, 0.9231616258621216, 0.92668616771698, 0.9306913018226624, 0.9295898675918579, 0.9342758655548096, 0.9358378648757935, 0.9395225644111633, 0.9417454600334167, 0.9430871605873108, 0.9431872963905334, 0.9474727511405945, 0.9483538866043091, 0.9519785046577454, 0.9514979124069214, 0.9534604549407959, 0.9574254751205444, 0.9565443992614746, 0.959428071975708, 0.9626121520996094, 0.9629124999046326, 0.9637535810470581, 0.96561598777771, 0.9672180414199829, 0.9688601493835449, 0.9684195518493652, 0.9719440937042236, 0.9720442295074463, 0.9727451205253601, 0.9738065004348755, 0.9762696027755737, 0.9763897657394409, 0.9781720638275146, 0.9786526560783386, 0.9793936014175415, 0.980535089969635, 0.9811959266662598, 0.9808754920959473, 0.9836991429328918, 0.982958197593689, 0.9832985997200012, 0.984299898147583, 0.9851810336112976, 0.9845201969146729], "val_loss": [1.1740864515304565, 1.133239507675171, 0.9477161169052124, 0.887503981590271, 0.8343993425369263, 0.7432265281677246, 0.6337052583694458, 0.7879073023796082, 0.6190561056137085, 0.6758751273155212, 0.7433871030807495, 0.7678460478782654, 0.6968178153038025, 0.9676815271377563, 0.6002171635627747, 0.7793657779693604, 0.577308177947998, 0.5245376229286194, 0.6716015338897705, 0.5399863719940186, 0.4538626968860626, 0.5168867111206055, 0.5018110871315002, 0.49037641286849976, 0.5839018225669861, 0.4613610804080963, 0.4251973628997803, 0.5032244324684143, 0.541118323802948, 0.6129012703895569, 0.3776935338973999, 0.4782228171825409, 0.4183943271636963, 0.4587371051311493, 0.5467354655265808, 0.3946448564529419, 0.44127729535102844, 0.44896015524864197, 0.4684087336063385, 0.4657277464866638, 0.40556132793426514, 0.40943408012390137, 0.44695553183555603, 0.4464681148529053, 0.46405062079429626, 0.566022515296936, 0.47334471344947815, 0.4402840733528137, 0.441471666097641, 0.4296402335166931, 0.5110606551170349, 0.37983399629592896, 0.4045688807964325, 0.4120447337627411, 0.4018193483352661, 0.39182552695274353, 0.3940965235233307, 0.39088931679725647, 0.38734346628189087, 0.3829253911972046, 0.41731539368629456, 0.39427247643470764, 0.3888242542743683, 0.3797312378883362, 0.38982725143432617, 0.38044920563697815, 0.3772549033164978, 0.37679070234298706, 0.3727186918258667, 0.3735429048538208], "val_accuracy": [0.589900016784668, 0.6026999950408936, 0.6728000044822693, 0.6958000063896179, 0.7106999754905701, 0.7511000037193298, 0.7857999801635742, 0.7476000189781189, 0.7943000197410583, 0.771399974822998, 0.7591000199317932, 0.760200023651123, 0.7838000059127808, 0.7289000153541565, 0.8059999942779541, 0.7706000208854675, 0.8137000203132629, 0.8353999853134155, 0.7986999750137329, 0.833299994468689, 0.8511999845504761, 0.8396000266075134, 0.8482999801635742, 0.8406999707221985, 0.8367999792098999, 0.8550000190734863, 0.8658999800682068, 0.8492000102996826, 0.8389999866485596, 0.8342999815940857, 0.8795999884605408, 0.8598999977111816, 0.8687999844551086, 0.8655999898910522, 0.8439000248908997, 0.8790000081062317, 0.8736000061035156, 0.8654999732971191, 0.8675000071525574, 0.8707000017166138, 0.8772000074386597, 0.8826000094413757, 0.8743000030517578, 0.8738999962806702, 0.8695999979972839, 0.8540999889373779, 0.8726999759674072, 0.8780999779701233, 0.8805000185966492, 0.8842999935150146, 0.8628000020980835, 0.891700029373169, 0.8899000287055969, 0.8859000205993652, 0.8906999826431274, 0.8960000276565552, 0.8934999704360962, 0.8950999975204468, 0.8973000049591064, 0.8985000252723694, 0.8901000022888184, 0.8999000191688538, 0.8974000215530396, 0.8996000289916992, 0.8984000086784363, 0.9014999866485596, 0.9003000259399414, 0.901199996471405, 0.9003999829292297, 0.9009000062942505]}