{"loss": [1.664184808731079, 1.1916238069534302, 0.9997438192367554, 0.8838577270507812, 0.801422119140625, 0.7377366423606873, 0.6904206275939941, 0.6423487067222595, 0.6018450856208801, 0.5557547807693481, 0.5298678874969482, 0.4978075325489044, 0.4737175703048706, 0.45050743222236633, 0.42461836338043213, 0.40216559171676636, 0.3810812532901764, 0.36413708329200745, 0.3492356240749359, 0.3327828645706177, 0.3196714520454407, 0.307889461517334, 0.2854967415332794, 0.2790188193321228, 0.27027854323387146, 0.2618018388748169, 0.2433655709028244, 0.23954714834690094, 0.22839394211769104, 0.22530382871627808, 0.21729780733585358, 0.21274735033512115, 0.20475995540618896, 0.1995234340429306, 0.19486898183822632, 0.18636064231395721, 0.18520516157150269, 0.18347160518169403, 0.17883029580116272, 0.17716747522354126, 0.16759563982486725, 0.16703160107135773, 0.16304640471935272, 0.154270738363266, 0.1560470461845398, 0.14974549412727356, 0.1442495435476303, 0.14436094462871552, 0.14159995317459106, 0.141096830368042, 0.13264048099517822, 0.1395961493253708, 0.13169178366661072, 0.12600256502628326, 0.12619221210479736, 0.12307050079107285, 0.1196543350815773, 0.12496452778577805, 0.11898678541183472, 0.1144428700208664, 0.12268903106451035, 0.11902272701263428, 0.11401547491550446, 0.1118902862071991, 0.10977502912282944, 0.10601507872343063, 0.10660937428474426, 0.10523190349340439, 0.10392188280820847, 0.10088358074426651, 0.10203488171100616, 0.10222873091697693, 0.10300181806087494, 0.10109931975603104, 0.09918803721666336, 0.0957743227481842, 0.09676913917064667, 0.09495876729488373, 0.0911807119846344, 0.09165985137224197, 0.08955022692680359, 0.08774018287658691, 0.08569207042455673, 0.08784480392932892, 0.08402922004461288, 0.08464492857456207, 0.08544725924730301, 0.08633727580308914, 0.08022557199001312, 0.0823259949684143, 0.07867316156625748, 0.07911562919616699, 0.09111674129962921, 0.08391701430082321, 0.08334410190582275, 0.0867653414607048, 0.08139877021312714, 0.07417204976081848, 0.07768698036670685, 0.07726830244064331], "accuracy": [0.4460799992084503, 0.5889800190925598, 0.6528800129890442, 0.6923400163650513, 0.7222200036048889, 0.7417600154876709, 0.7570800185203552, 0.7749199867248535, 0.7882999777793884, 0.80485999584198, 0.8140000104904175, 0.8252800107002258, 0.8333799839019775, 0.8383200168609619, 0.8492000102996826, 0.8557000160217285, 0.8640199899673462, 0.8701599836349487, 0.875540018081665, 0.8815600275993347, 0.8869799971580505, 0.8890600204467773, 0.897379994392395, 0.9008600115776062, 0.9028800129890442, 0.9057199954986572, 0.9134200215339661, 0.9155200123786926, 0.9178400039672852, 0.9200800061225891, 0.9222400188446045, 0.9243199825286865, 0.9268199801445007, 0.9291399717330933, 0.9304199814796448, 0.9336000084877014, 0.9341199994087219, 0.9358199834823608, 0.9361400008201599, 0.9368799924850464, 0.9406800270080566, 0.9409599900245667, 0.9431399703025818, 0.9450600147247314, 0.9448000192642212, 0.946340024471283, 0.9487599730491638, 0.9498199820518494, 0.9500200152397156, 0.9492400288581848, 0.951960027217865, 0.9500200152397156, 0.9534800052642822, 0.9559400081634521, 0.9547799825668335, 0.957040011882782, 0.9580399990081787, 0.9565600156784058, 0.9566599726676941, 0.9596199989318848, 0.9574199914932251, 0.9577000141143799, 0.9592199921607971, 0.9603400230407715, 0.9608200192451477, 0.9627000093460083, 0.9619399905204773, 0.9624999761581421, 0.9634799957275391, 0.9645199775695801, 0.9637399911880493, 0.9634000062942505, 0.963379979133606, 0.9639000296592712, 0.9657599925994873, 0.9660400152206421, 0.9664199948310852, 0.9661800265312195, 0.9682999849319458, 0.9681599736213684, 0.9690999984741211, 0.9691200256347656, 0.9703400135040283, 0.9696999788284302, 0.9707000255584717, 0.9705600142478943, 0.9702399969100952, 0.9702799916267395, 0.9723399877548218, 0.970740020275116, 0.9723600149154663, 0.971780002117157, 0.9682400226593018, 0.9702600240707397, 0.9703599810600281, 0.9699400067329407, 0.9712200164794922, 0.9740800261497498, 0.9729200005531311, 0.9736400246620178], "val_loss": [1.3041727542877197, 1.2102551460266113, 0.9081730246543884, 0.7940782904624939, 0.7656993865966797, 0.6724437475204468, 0.6499117612838745, 0.6345862746238708, 0.6387510299682617, 0.6771634817123413, 0.6758968234062195, 0.6377887725830078, 0.5899554491043091, 0.5993499159812927, 0.6246558427810669, 0.6252714991569519, 0.5890415906906128, 0.5818597078323364, 0.5890274047851562, 0.579460620880127, 0.6024325489997864, 0.6130829453468323, 0.5742470026016235, 0.5672945380210876, 0.598526656627655, 0.6031354069709778, 0.606986403465271, 0.5853741765022278, 0.6207887530326843, 0.5966911911964417, 0.5799086093902588, 0.6221083998680115, 0.7020612359046936, 0.6696289777755737, 0.6038150787353516, 0.6794719099998474, 0.6815152764320374, 0.614006757736206, 0.5856609344482422, 0.6065807938575745, 0.6312991380691528, 0.6353466510772705, 0.5992339849472046, 0.6386199593544006, 0.6140324473381042, 0.6326960325241089, 0.6287921667098999, 0.6116674542427063, 0.6231353878974915, 0.6197638511657715, 0.7077075839042664, 0.634727954864502, 0.6335868835449219, 0.6309003233909607, 0.6484312415122986, 0.6566798090934753, 0.6322208642959595, 0.6495976448059082, 0.6492893099784851, 0.6574982404708862, 0.6907435059547424, 0.6384158134460449, 0.6790956258773804, 0.639858603477478, 0.6602259874343872, 0.6570191383361816, 0.6264283061027527, 0.644142210483551, 0.6634448170661926, 0.688012957572937, 0.7151484489440918, 0.6769533157348633, 0.6471723318099976, 0.6300942301750183, 0.6700719594955444, 0.6640706658363342, 0.6752015352249146, 0.6826623678207397, 0.6728716492652893, 0.7254642844200134, 0.6745895147323608, 0.680252730846405, 0.6752595901489258, 0.653573751449585, 0.6736612915992737, 0.7031806111335754, 0.6968865990638733, 0.7182636260986328, 0.662923276424408, 0.682383120059967, 0.6770517230033875, 0.6800844669342041, 0.6799269318580627, 0.6645997166633606, 0.6818870902061462, 0.6650748252868652, 0.6719719171524048, 0.6894823908805847, 0.7065691947937012, 0.6686974763870239],