{"loss": [2.170062303543091, 1.5927274227142334, 1.3253024816513062, 1.154297113418579, 1.0535920858383179, 0.9745962023735046, 0.9229185581207275, 0.8735748529434204, 0.8356112241744995, 0.7978710532188416], "accuracy": [0.426952987909317, 0.617621123790741, 0.6993904113769531, 0.7469321489334106, 0.7743824124336243, 0.7976018786430359, 0.8069658279418945, 0.820199728012085, 0.8295436501502991, 0.8389677405357361], "val_loss": [1.779507040977478, 1.5496145486831665, 1.4041918516159058, 1.2100708484649658, 1.0520281791687012, 1.123702883720398, 1.2969017028808594, 1.129435420036316, 0.9252383708953857, 0.8475111126899719], "val_accuracy": [0.5548999905586243, 0.6294999718666077, 0.6830999851226807, 0.7343999743461609, 0.7828999757766724, 0.762499988079071, 0.7041000127792358, 0.7505000233650208, 0.8029000163078308, 0.8202000260353088]}