{"loss": [2.195807933807373, 1.6621161699295044, 1.3588242530822754, 1.1701774597167969, 1.0597693920135498, 0.9851221442222595, 0.9219750761985779, 0.8727962970733643, 0.840849757194519, 0.8002806901931763, 0.7739712595939636, 0.7495689988136292, 0.7218417525291443, 0.7101688981056213, 0.6912329792976379, 0.6786128878593445, 0.6533495187759399, 0.6481356620788574, 0.6403531432151794, 0.6260774731636047, 0.6131495237350464, 0.6106643676757812, 0.6007991433143616, 0.5890631079673767, 0.5865176320075989, 0.5767266154289246, 0.5714726448059082, 0.5693898797035217, 0.5601382255554199, 0.5594136714935303, 0.5535535216331482, 0.545253336429596, 0.5289291143417358, 0.5284695029258728, 0.5148978233337402, 0.5145930051803589, 0.5210239887237549, 0.5080276131629944, 0.5086274147033691, 0.49719226360321045, 0.4910937249660492, 0.48394304513931274, 0.4875478446483612, 0.4756467044353485, 0.4672062397003174, 0.4661875069141388, 0.4633947014808655, 0.4561695456504822, 0.45562201738357544, 0.4458601772785187, 0.4391733705997467, 0.4337320625782013, 0.43123772740364075, 0.4279380142688751, 0.42092010378837585, 0.40937119722366333, 0.4102906584739685, 0.40361061692237854, 0.3980186879634857, 0.39349669218063354, 0.3854423463344574, 0.37848153710365295, 0.37645483016967773, 0.36891576647758484, 0.3647620677947998, 0.3567904233932495, 0.352122962474823, 0.3452358841896057, 0.3399270474910736, 0.33852213621139526, 0.3313520848751068, 0.31894317269325256, 0.31934577226638794, 0.30354106426239014, 0.30428341031074524, 0.29691281914711, 0.28870972990989685, 0.28306645154953003, 0.27552831172943115, 0.26687905192375183, 0.263923704624176, 0.25201600790023804, 0.2473735362291336, 0.23853765428066254, 0.23444078862667084, 0.2242826670408249, 0.2178543210029602, 0.21179930865764618, 0.20784729719161987, 0.2012764811515808, 0.19448870420455933, 0.18906308710575104, 0.18411917984485626, 0.17980553209781647, 0.17726698517799377, 0.17443032562732697, 0.17121060192584991, 0.1689196079969406, 0.16808587312698364, 0.1671248972415924], "accuracy": [0.40409448742866516, 0.5819297432899475, 0.6825874447822571, 0.741297721862793, 0.771815836429596, 0.7906039357185364, 0.8071463108062744, 0.8197585940361023, 0.8275184631347656, 0.8384464383125305, 0.843519389629364, 0.8518807888031006, 0.860061764717102, 0.8604828119277954, 0.8660370707511902, 0.8678817749023438, 0.8748997449874878, 0.8767444491386414, 0.877646803855896, 0.8820781111717224, 0.8868904113769531, 0.8868302702903748, 0.8893367052078247, 0.8923644423484802, 0.894088864326477, 0.8976579904556274, 0.8972168564796448, 0.8988410234451294, 0.9009263515472412, 0.9022297263145447, 0.90311199426651, 0.9078240394592285, 0.9116137027740479, 0.9103906154632568, 0.9150024056434631, 0.9147016406059265, 0.9129772186279297, 0.9158245325088501, 0.9149823784828186, 0.9200954437255859, 0.9206168055534363, 0.922421395778656, 0.9216995239257812, 0.9239453077316284, 0.9269129037857056, 0.9278553128242493, 0.9294794797897339, 0.9298203587532043, 0.9297601580619812, 0.9343118667602539, 0.9347329139709473, 0.9359560608863831, 0.9359961748123169, 0.9375401139259338, 0.9397256970405579, 0.9410892128944397, 0.9414300322532654, 0.9438562989234924, 0.9446984529495239, 0.946061909198761, 0.9487888813018799, 0.95039302110672, 0.9492901563644409, 0.9516562223434448, 0.9522377252578735, 0.9557467103004456, 0.9555060863494873, 0.9583935141563416, 0.9588947892189026, 0.9589950442314148, 0.9614613652229309, 0.9634263515472412, 0.9639878273010254, 0.9674566984176636, 0.966113269329071, 0.9690607786178589, 0.971025824546814, 0.9722890853881836, 0.9738530516624451, 0.9757579565048218, 0.9759183526039124, 0.979507565498352, 0.9797080755233765, 0.982414960861206, 0.9832571148872375, 0.9860242009162903, 0.9875079989433289, 0.9886710047721863, 0.9893727898597717, 0.991077184677124, 0.9926010370254517, 0.993483304977417, 0.9949269890785217, 0.9958092570304871, 0.9959095120429993, 0.9965311288833618, 0.9974334239959717, 0.9977141618728638, 0.9977542757987976, 0.9979346990585327], "val_loss": [1.921509027481079, 1.6331818103790283, 1.5562635660171509, 1.2005068063735962, 1.1801449060440063, 1.2144349813461304, 1.037314772605896, 1.2099170684814453, 0.9642416834831238, 1.0102002620697021, 0.8917832970619202, 0.9437581300735474, 0.8188577890396118, 0.9023466110229492, 0.7287331819534302, 0.827430784702301, 0.8947018384933472, 0.7574238777160645, 0.7785553932189941, 0.7130513191223145, 0.8127661347389221, 0.8118133544921875, 0.6970516443252563, 0.8355754613876343, 0.7604974508285522, 0.6773815155029297, 0.736844003200531, 0.6598464846611023, 0.7242754101753235, 0.7944470047950745, 0.6603240370750427, 0.6498915553092957, 0.7639169096946716, 0.6923915147781372, 0.6653249263763428, 0.6595169901847839, 0.7519754767417908, 0.7057747840881348, 0.7580275535583496, 0.6033663749694824, 0.6587076187133789, 0.676429808139801, 0.6314743161201477, 0.6585817337036133, 0.6694476008415222, 0.6324906945228577, 0.5923226475715637, 0.6298069953918457, 0.6575220823287964, 0.654012143611908, 0.6026521921157837, 0.7061028480529785, 0.6736708879470825, 0.6083657741546631, 0.6391170620918274, 0.5837356448173523, 0.6236172914505005, 0.5754951238632202, 0.5765101313591003, 0.5547533631324768, 0.5752737522125244, 0.5941541790962219, 0.5744206309318542, 0.5685760974884033, 0.5505449771881104, 0.5766300559043884, 0.5469242930412292, 0.545382559299469, 0.5474606156349182, 0.5300715565681458, 0.5860893130302429, 0.5858489274978638, 0.5074496865272522, 0.5636314749717712, 0.5698443651199341, 0.5507131814956665, 0.5168956518173218, 0.5179453492164612, 0.5277106165885925, 0.5301933884620667, 0.5210375189781189, 0.49649354815483093, 0.5001386404037476, 0.5011869668960571, 0.49398770928382874, 0.4856022596359253, 0.4829007685184479, 0.46254783868789673, 0.46200674772262573, 0.47014135122299194, 0.4553941786289215, 0.4582456648349762, 0.45806434750556946, 0.4390891492366791, 0.4468638300895691, 0.43273189663887024, 0.4312315285205841, 0.43122172355651855, 0.4277428090572357, 0.4265678822994232],