{"loss": [2.1824138164520264, 1.835131049156189, 1.637345790863037, 1.4923547506332397, 1.3809069395065308, 1.2901438474655151, 1.2118722200393677, 1.1382337808609009, 1.0864174365997314, 1.0421619415283203, 0.9935747981071472, 0.9988829493522644, 0.9934571385383606, 0.9925470948219299, 0.9934346675872803, 0.9918137192726135, 0.9907967448234558, 0.9893835783004761, 0.9887304306030273, 0.9886806607246399, 0.9453052282333374, 0.9224935173988342, 0.9086582064628601, 0.9021105766296387, 0.8925745487213135, 0.8824101686477661, 0.8787287473678589, 0.8752451539039612, 0.8674203753471375, 0.8633863925933838], "accuracy": [0.36373114585876465, 0.4994586110115051, 0.5774783492088318, 0.6294112801551819, 0.672782301902771, 0.7021374702453613, 0.7320340275764465, 0.7554339170455933, 0.7759414911270142, 0.7904635667800903, 0.8063642978668213, 0.8041386008262634, 0.8066049218177795, 0.8067853450775146, 0.8070059418678284, 0.8057426810264587, 0.8080486059188843, 0.8082090020179749, 0.807447075843811, 0.8088306188583374, 0.8227261900901794, 0.8323107361793518, 0.8351579904556274, 0.8377446532249451, 0.8399502635002136, 0.8423363566398621, 0.8460057973861694, 0.8450834155082703, 0.84867262840271, 0.8489533066749573], "val_loss": [2.0281260013580322, 1.6964493989944458, 1.6873359680175781, 1.4694578647613525, 1.4811269044876099, 1.348359227180481, 1.3189510107040405, 1.2868884801864624, 1.2167545557022095, 1.0932872295379639, 1.052778959274292, 1.044558048248291, 1.0660964250564575, 1.0561614036560059, 1.0527249574661255, 1.0527451038360596, 1.0473592281341553, 1.046599268913269, 1.0468978881835938, 1.0492300987243652, 0.9871922135353088, 0.9783660173416138, 0.9802681803703308, 0.9670318365097046, 0.9745157361030579, 0.9618161916732788, 0.969016432762146, 0.9634286165237427, 0.9608629941940308, 0.9538769721984863], "val_accuracy": [0.430400013923645, 0.5615000128746033, 0.5752999782562256, 0.6420999765396118, 0.6255999803543091, 0.6930000185966492, 0.6919000148773193, 0.7224000096321106, 0.7369999885559082, 0.7741000056266785, 0.7856000065803528, 0.7872999906539917, 0.7820000052452087, 0.7833999991416931, 0.7850000262260437, 0.7846999764442444, 0.786899983882904, 0.786300003528595, 0.7870000004768372, 0.786899983882904, 0.8100000023841858, 0.8131999969482422, 0.8112999796867371, 0.8173999786376953, 0.814300000667572, 0.8184999823570251, 0.8159000277519226, 0.819100022315979, 0.8184999823570251, 0.8219000101089478]}