{"loss": [5.501422882080078, 4.461865425109863, 4.120011329650879, 3.926079750061035, 3.773197650909424, 3.6609418392181396, 3.5626413822174072, 3.4830143451690674, 3.413759469985962, 3.3539562225341797, 3.1009464263916016, 2.9902260303497314, 2.944535493850708, 2.916975736618042, 2.8955042362213135, 2.8741793632507324, 2.857581377029419, 2.8417627811431885, 2.8274459838867188, 2.8143930435180664, 2.8067800998687744, 2.8063251972198486, 2.809570550918579, 2.8070809841156006, 2.804978609085083, 2.805687189102173, 2.805680990219116, 2.80344820022583, 2.8013789653778076, 2.8063535690307617, 2.802490472793579, 2.8054351806640625, 2.80751895904541, 2.8063149452209473, 2.803837299346924, 2.8067362308502197, 2.809580087661743], "accuracy": [0.05767691880464554, 0.13003692030906677, 0.17585839331150055, 0.2093377560377121, 0.24256137013435364, 0.26407667994499207, 0.28660380840301514, 0.3051280975341797, 0.32101717591285706, 0.3344378173351288, 0.3846350610256195, 0.40763431787490845, 0.41874220967292786, 0.4217888414859772, 0.4264810383319855, 0.4291718602180481, 0.4312288761138916, 0.43464240431785583, 0.4384784698486328, 0.4402908682823181, 0.4418118894100189, 0.4424368441104889, 0.4412471055984497, 0.4418475329875946, 0.4402686357498169, 0.43987947702407837, 0.4412359893321991, 0.4401893615722656, 0.4417363405227661, 0.44007959961891174, 0.4417474567890167, 0.44120264053344727, 0.4408579468727112, 0.44179195165634155, 0.44260361790657043, 0.4403687119483948, 0.43802258372306824], "val_loss": [4.915349960327148, 4.493185043334961, 4.455229759216309, 4.686751842498779, 4.645395755767822, 4.493165493011475, 3.8356590270996094, 4.398651123046875, 3.9014673233032227, 3.876957416534424, 3.427769899368286, 3.3804771900177, 3.370283365249634, 3.3489935398101807, 3.3275012969970703, 3.3217875957489014, 3.321166515350342, 3.3171348571777344, 3.3088667392730713, 3.2934956550598145, 3.2832818031311035, 3.2816710472106934, 3.285313606262207, 3.285151481628418, 3.2816193103790283, 3.2850193977355957, 3.2852418422698975, 3.280381202697754, 3.283623695373535, 3.280654191970825, 3.283564567565918, 3.2862651348114014, 3.2805371284484863, 3.2853193283081055, 3.2865936756134033, 3.291045665740967, 3.2850451469421387], "val_accuracy": [0.08754006773233414, 0.1341145783662796, 0.1391225904226303, 0.1326121836900711, 0.14232772588729858, 0.17457932233810425, 0.25180289149284363, 0.19841746985912323, 0.24789664149284363, 0.27483972907066345, 0.3326322138309479, 0.3448517620563507, 0.34765625, 0.3519631326198578, 0.3563701808452606, 0.3560697138309479, 0.35797277092933655, 0.3582732379436493, 0.36037659645080566, 0.3628806173801422, 0.3647836446762085, 0.36428284645080566, 0.36378204822540283, 0.3638822138309479, 0.36408254504203796, 0.3639823794364929, 0.3638822138309479, 0.36488381028175354, 0.3641826808452606, 0.36528444290161133, 0.36378204822540283, 0.3634815812110901, 0.3645833432674408, 0.36408254504203796, 0.3636818826198578, 0.36318108439445496, 0.36378204822540283]}