{"R": 122.48216955566406, "G": 114.2775966389974, "B": 101.41276309407552}