{"R": 124.90750646591187, "G": 115.86409085464477, "B": 106.01390332565308}